,name,price,rating
0,boAt Aavante Bar 3100D 260 W Bluetooth Soundbar,"13,999",4.2
1,boAt Aavante Bar 120 W Bluetooth Soundbar,"8,199",4.4
2,boAt Stone 350 10 W Bluetooth Speaker,"1,599",4.3
3,F FERONS Wireless rechargeable portable Premium bass Mu...,362,3.9
4,"Mivi Fort S100 with 2 in-built subwoofers, Made in Indi...","4,999",4.5
5,Mivi Roam2 5 W Bluetooth Speaker,999,4.3
6,boAt Stone 350 10 W Bluetooth Speaker,"1,599",4.3
7,JBL JBLCHARGE5BLK 40 W Bluetooth Speaker,"15,999",4.5
8,Mivi Play 5 W Portable Bluetooth Speaker,799,4.2
9,F FERONS Wireless rechargeable portable Premium Dj bass...,362,3.9
10,SONY SA-D40 80 W Bluetooth Home Theatre,"8,935",4.4
11,Oxhox Flip Essential BASS Stereo With FM 10 W Bluetooth...,649,3.8
12,"Mivi Fort S60 with 2 in-built subwoofers, Made in India...","3,499",4.6
13,DINGLOT MINI WS – 887 Bluetooth Speaker 5 W Bluetooth G...,261,3.8
14,boAt Stone 190F 5 W Bluetooth Speaker,"1,199",4.4
15,boAt AAVANTE BAR 1150 60 W Bluetooth Soundbar,"4,299",4.2
16,etmax NANO PLUS 30 W Bluetooth Home Theatre,949,3.8
17,Mivi Play 5 W Portable Bluetooth Speaker,799,4.2
18,boAt Stone 190F 5 W Bluetooth Speaker,"1,199",4.4
19,JBL JBLCHARGE5SQUAD 40 W Bluetooth Speaker,"15,999",4.5
20,ZEBRONICS Zeb - Fame 5 watt Laptop/Desktop Speaker,549,4.1
21,F FERONS 100% Best Quality Super Bass 3D Sound Wireless...,398,4
22,ZEBRONICS Zeb-Vita Plus 16 W Bluetooth Laptop/Desktop S...,"1,399",4.1
23,Aroma Studio 1 Pro High Sound Quality With 6 Hours Play...,499,4
24,boAt Aavante Bar 2000 160 W Bluetooth Soundbar,"9,499",4.4
25,boAt Stone 1000 14 W Portable Bluetooth Speaker,"2,799",4.4
26,PTron Fusion 10W Bluetooth Speaker 10 W Bluetooth Speak...,"1,199",4.3
27,U&i Kingdom Series 8W Wireless Speaker with 10 Hours Ba...,449,3.7
28,JBL Flip Essential IPX7 Waterproof 16 W Bluetooth Speak...,"4,999",4.4
29,ZEBRONICS ZEB-FEEL 4 60 W Bluetooth Home Theatre,"2,299",3.9
30,ZEBRONICS Zeb-Vita Plus 16 W Bluetooth Laptop/Desktop S...,"1,399",4.1
31,Aroma Studio 1 Pro High Sound Quality With 6 Hours Play...,499,4
32,boAt Stone Grenade 5 W Portable Bluetooth Speaker,"1,199",4.2
33,CIHLEX NEW 2021 A005 Dolby sound Bass With Disco Color ...,644,4.1
34,boAt Stone 350 10 W Bluetooth Speaker,"1,599",4.3
35,INFINITY by Harman Fuze 99 4.5 W Bluetooth Speaker,"1,199",4
36,ZEBRONICS BT4440 RUCF 60 Watt Bluetooth Home Theatre,"3,099",4.1
37,boAt Aavante Bar 1550 120 W Bluetooth Soundbar,"8,199",4.4
38,SAMSUNG HW-T42E/XL Dolby Digital 150 W Bluetooth Soundb...,"8,199",4.1
39,U&i Pickup Series 10W Bluetooth Soundbar with 6 Hours B...,999,4.1
40,Mivi Roam2 5 W Bluetooth Speaker,999,4.3
41,Megaloyalty WS 01 HEAVY SOUND High Bass speaker Branded...,509,3.9
42,Philips BT40 Portable Bluetooth Speaker,"1,099",4.2
43,JBL Flip Essential IPX7 Waterproof 16 W Bluetooth Speak...,"4,999",4.4
44,Intex IT-XM BANG SUFB 78 W Bluetooth Home Theatre,"3,599",4.1
45,OBDIR tg-113 Portable Mini Blutooth Speaker Ultra High ...,349,3.9
46,PHILIPS MMS2625B/94 31 W Bluetooth Home Theatre,"3,490",4.2
47,boAt Stone Grenade 5 W Portable Bluetooth Speaker,"1,199",4.2
48,Soundcore by Anker Select Pro 30 W Bluetooth Party Spea...,"4,999",4.4
49,SAMSUNG HW-T45E/XL With Wireless Subwoofer 200 W Blueto...,"8,499",4.1
50,F FERONS 100% Best Quality with Super Bass 3D Sound Wir...,398,4
51,Oxhox Flip Essential BASS Stereo With FM 10 W Bluetooth...,649,3.8
52,F FERONS TG-113 Ultra 3D Dynamic Thunder Sound With Hig...,439,3.9
53,boAt Party Pal 20 15 W Bluetooth Party Speaker,"2,499",4.3
54,boAt Stone 650 10 W Bluetooth Speaker,"1,899",4.3
55,JBL JBLCHARGE5BLK 40 W Bluetooth Speaker,"15,999",4.5
56,WOOS Ws-03 Speaker With Mic Super Bass Bluetooth Wirele...,719,4
57,Mivi Play 5 W Portable Bluetooth Speaker,799,4.2
58,Terabyte KUBIX 2W Speakers 2 W Laptop/Desktop Speaker,323,3.9
59,boAt Aavante Bar 3100D 260 W Bluetooth Soundbar,"13,999",4.2
60,boAt Aavante Bar 1300 60 W Bluetooth Soundbar,"3,999",4.3
61,F FERONS Best Quality Super Bass 3D Sound Wireless rech...,361,4
62,ZEBRONICS Zeb Vita Pro with TWS 24 W Bluetooth Soundbar,"1,899",4
63,boAt AAVANTE BAR 1150 60 W Bluetooth Soundbar,"4,299",4.2
64,Ubon SP-70 Cool Bass Portable Speaker Powered with 1600...,"1,099",4.2
65,ZEBRONICS ZEB-WARRIOR 10 W Laptop/Desktop Speaker,799,4.2
66,F FERONS 100% GOOD QUALITY A005|3D Thumping sound| Spla...,349,4
67,JBL JBLCHARGE5SQUAD 40 W Bluetooth Speaker,"15,999",4.5
68,I Kall K22 40 W Bluetooth Home Theatre,"1,329",3.8
69,ZSIV 10W Dj Mini Speaker 3D Bass New Arrival Wireless B...,421,4.2
70,PHILIPS MMS8085B/94 Convertible 80 W Bluetooth Home The...,"7,940",4.2
71,boAt Aavante Bar 120 W Bluetooth Soundbar,"8,199",4.4
72,tapfuture Ultra Mini Boost Wireless Portable Bluetooth ...,529,3.8
73,boAt Rugby Plus 16 W Bluetooth Speaker,"1,799",4.1
74,ZEBRONICS ZEB-Juke Bar 9400 Pro Dolby 525 W Bluetooth S...,"14,999",4.2
75,U&i Kingdom Series 8W Wireless Speaker with 10 Hours Ba...,449,3.7
76,"boAt Stone 850 with ASAP Charge, upto 13 Hours Playback...","2,299",3.7
77,ZEBRONICS INDIE 105 W Bluetooth Home Theatre,"5,499",4.2
78,artis S21 5 W Laptop/Desktop Speaker,649,4.3
79,Aroma Studio 1 Pro High Sound Quality With 6 Hours Play...,499,4
80,SONY SRS-XB13 Bluetooth Speaker,"3,990",4
81,F&D 203G 11 W Portable Laptop/Desktop Speaker,"1,499",4.2
82,boAt Aavante Bar 90 W Bluetooth Soundbar,"5,799",4.3
83,JBL Flip Essential IPX7 Waterproof 16 W Bluetooth Speak...,"4,999",4.4
84,"QUANTUM SonoTrix 51 Bluetooth Speaker, 5 W Waterproof (...",699,4.6
85,"Chaebol TG-113 Best Bluetooth Wireless Speaker Outdoor,...",449,4.3
86,boAt Rugby Plus 16 W Bluetooth Speaker,"1,899",4.1
87,boAt Stone Grenade 5 W Portable Bluetooth Speaker,"1,199",4.2
88,INFINITY by Harman Fuze 99 4.5 W Bluetooth Speaker,"1,199",4
89,LG LK72B XBOOM 40 W Bluetooth Home Theatre,"4,299",4.3
90,CIHLEX CX-887 Bluetooth Speaker 3D Bass New Arrival Wir...,284,3.8
91,Oxhox Flip Essential BASS Stereo With FM 10 W Bluetooth...,649,3.8
92,boAt Blitz 1500 Multimedia 50 W Bluetooth Home Theatre,"3,299",4
93,JBL Moviebar 80 Dolby Digital 110 W Bluetooth Soundbar,"9,499",4.1
94,ZEBRONICS ZEB-WARRIOR 10 W Laptop/Desktop Speaker,788,4.1
95,JBL JBLCHARGE5BLK 40 W Bluetooth Speaker,"15,999",4.5
96,Oxhox v 5.1 Bluetooth BASS Stereo Sound Drum With FM 10...,399,3.8
97,boAt Stone 190F 5 W Bluetooth Speaker,"1,199",4.4
98,F&D A111X 35 W Bluetooth Laptop/Desktop Speaker,"2,399",4.2
99,boAt Aavante Bar 3100D 260 W Bluetooth Soundbar,"13,999",4.2
100,JBL GO2 Portable Bluetooth Speaker,"2,479",4.3
101,CIHYARD TG-113 Mini Bluetooth Portable Home Speaker Com...,379,3.8
102,LG SJ3 300 W Wireless Dolby Bluetooth Soundbar,"10,499",4.1
103,boAt AAVANTE BAR 1150 60 W Bluetooth Soundbar,"4,299",4.2
104,U&i Kingdom Series 8W Wireless Speaker with 10 Hours Ba...,449,3.9
105,Highstairs Wireless HiFi Stereo Good Quality Karaoke ZQ...,"1,599",3.8
106,I Kall IK409 - 4.1 CHANNEL - BT 60 W Bluetooth Home The...,"1,994",3.9
107,Zeom ®A006 10W (MZ Series) Wireless Bluetooth Portable ...,697,0
108,KRISONS Polo Red 7.1 |Home Theater 7.1|Bluetooth|AUX|FM...,"2,427",4.1
109,"boAt Aavante Bar 1600D with Dolby Digital, Wired Subwoo...","8,999",4.2
110,ZEBRONICS Zeb-Sunshine 60 W Bluetooth Home Theatre,"1,999",3.6
111,boAt Aavante Bar 120 W Bluetooth Soundbar,"8,199",4.4
112,ZSIV E-91 Home Theater Long Life Battery Backup Dj Spea...,"1,061",4.1
113,ZEBRONICS ZEB-WARRIOR 10 W Laptop/Desktop Speaker,749,4.2
114,Borneo Ultra 3d sound blast With rich premium Super dee...,348,3.8
115,U&i Kingdom Series 8W Wireless Speaker with 10 Hours Ba...,449,3.7
116,boAt Stone Cuboid with upto 5.5 Hours Playback Time 5 W...,"1,099",4
117,KRISONS Redblast 5.1 Bluetooth Home Theatre,"2,156",3.9
118,F FERONS Super Bass Splashproof Wireless Bluetooth Spea...,261,3.7
119,Aroma Studio 1 Pro High Sound Quality With 6 Hours Play...,499,4
120,"WOOS Best Karaoke Speaker Thunder High Bass Power,Dj Li...",849,4
121,U&i Sumo Series with Karaoke mic and 6 hours Battery Ba...,859,4
122,etmax NANO STYLE 30W ET-1515 30 W Bluetooth Home Theatr...,949,3.7
123,JBL Flip Essential IPX7 Waterproof 16 W Bluetooth Speak...,"4,999",4.4
124,Juxtex smart bulb With Bluetooth Remote Colour Chang 5 ...,319,4.2
125,F&D F 3800X 80 W Bluetooth Home Theatre,"6,299",4.2
126,F FERONS Buy Now At Drop down Price best Super Bass 3D ...,358,4
127,boAt Stone Grenade 5 W Portable Bluetooth Speaker,"1,199",4.2
128,CIHYARD New Good Quality Wooden Wireless Speaker with w...,470,3.8
129,ZEBRONICS ZEB-BT4444RUCF 60 W Bluetooth Home Theatre,"2,899",4
130,PHILIPS SPA8000B/94 120 W Bluetooth Home Theatre,"9,490",4.1
131,JBL JBLCHARGE5BLK 40 W Bluetooth Speaker,"15,999",4.5
132,"QUANTUM SonoTrix 51 Bluetooth Speaker, 5 W Waterproof (...",699,4.3
133,Elista ELS-MINI 6 W Laptop/Desktop Speaker,379,3.6
134,ZEBRONICS Juke bar 4000 80 W Bluetooth Soundbar,"5,799",4.3
135,boAt Aavante Bar 3100D 260 W Bluetooth Soundbar,"13,999",4.2
136,ZEBRONICS Juke Bar 9000 Pro Dolby 120 W Bluetooth Sound...,"10,299",4.3
137,Eccellente HT115 Bluetooth Home Theatre,"1,847",3.7
138,XEWISS 10W WS-E-91 21 TV SOUNDBAR ORIGINAL QUALITY TOP ...,989,3.8
139,Oxhox Flip Essential BASS Stereo With FM 10 W Bluetooth...,649,3.8
140,JBL GO3 4.2 W Bluetooth Speaker,"3,249",4.3
141,Intex MM Speaker 2.1 CRYSTAL FMUB 45 W Bluetooth Home T...,"2,799",3.9
142,Sulfur TROLLY SERIES WIRELESS SPEAKER Ultra DJ Sound Bl...,499,4.1
143,boAt AAVANTE BAR 1150 60 W Bluetooth Soundbar,"4,299",4.2
144,"TOPLUS TP-1600A Bluetooth Home Theatre (Black, 4.1 Chan...","1,799",0
145,Frontech SW-0081 3 W Laptop/Desktop Speaker,335,4
146,Terabyte KUBIX E-02B 1 W Laptop/Desktop Speaker,322,3.8
147,Zeom ®A006 10W (MZ Series) Wireless Bluetooth Portable ...,697,0
148,F FERONS Wireless Speaker |3D sound| Splashproof| Deep ...,398,3.9
149,Terabyte 015 1 Laptop/Desktop Speaker,356,4
150,F&D A180X 42 W Portable Bluetooth Home Theatre,"3,299",4.3
151,boAt Aavante Bar 120 W Bluetooth Soundbar,"8,199",4.4
152,PHILIPS SPA5128B/94 40 W Bluetooth Home Theatre,"4,440",4.1
153,F FERONS 100% Branded 3D sound Portable Splash proof Bl...,349,4.2
154,Sulfur Best Buy Ultra DJ Sound Blast Portable Best Blue...,498,3.9
155,U&i Kingdom Series 8W Wireless Speaker with 10 Hours Ba...,449,3.7
156,saregama Carvaan Premium 10 W Portable Bluetooth Home A...,"6,990",4.4
157,boAt Blitz 2000 Multimedia 100 W Bluetooth Home Theatre,"4,499",4.2
158,SHOPLINE SP-T-113-SPKR1 9 W Bluetooth Speaker,349,3.8
159,Aroma Studio 1 Pro High Sound Quality With 6 Hours Play...,499,4
160,SONY SRS-XB13 Bluetooth Speaker,"3,915",4
161,Megaloyalty WS-04 Amplified Sound Box Mini home theatre...,719,4
162,SKYPHR with Google & Siri Assistant Smart Speaker,254,5
163,JBL Flip Essential IPX7 Waterproof 16 W Bluetooth Speak...,"4,999",4.4
164,ZEBRONICS ZEB-BT 6590 RUCF 65 W Bluetooth Home Theatre,"3,399",3.9
165,F FERONS 3D Sound Thumping Bass| Splashproof| Water res...,349,4
166,MOTOROLA AmphisoundX with HDMI Arc 120 W Bluetooth Home...,"8,999",4.2
167,Oxhox Flip Essential BASS Stereo With FM 10 W Bluetooth...,649,3.8
168,F&D 380X 54 W Bluetooth Home Theatre,"3,999",4.2
169,Treadmill New features Popular Arrival Wireless Subwoof...,497,4
170,boAt AAVANTE BAR 1150 60 W Bluetooth Soundbar,"4,299",4.2
171,JBL JBLCHARGE5BLK 40 W Bluetooth Speaker,"15,999",4.5
172,boAt Aavante Bar 900 30 W Bluetooth Soundbar,"3,299",4
173,TEQIR WS-02 3D ULTRA SOUND Portable Led Light subwoofer...,474,4.2
174,Portronics Pure Sound 103 100 W Bluetooth Soundbar,"4,799",3.4
175,boAt Aavante Bar 3100D 260 W Bluetooth Soundbar,"13,999",4.2
176,F FERONS Wireless rechargeable portable Premium bass Mu...,445,3.9
177,Yashvi toys Ultra Mini Boost Bluetooth Speaker | Pocket...,399,3.8
178,ZEBRONICS Zeb Vita Pro with TWS 24 W Bluetooth Soundbar,"1,899",4
179,Zeom ®A006 10W (MZ Series) Wireless Bluetooth Portable ...,697,0
180,Highstairs DJ Sound Premium Design Stereobass Built-in ...,"1,599",3.7
181,F&D A521X 52 W Bluetooth Home Theatre,"4,699",4.3
182,SAMSUNG HW-A67E/XL With Wireless Subwoofer 510 W Blueto...,"24,990",4.3
183,boAt Aavante Bar 120 W Bluetooth Soundbar,"8,199",4.4
184,ZEBRONICS Zeb-Juke Bar 7400 Pro 5.1 180 W Bluetooth Sou...,"9,999",4.2
185,"boAt Stone 1350 with Upto 5 Hours Playback Time, Passiv...","3,999",3.7
186,TEQIR 005 Big Sound Lightweight Speaker Portable Blueto...,449,0
187,U&i Kingdom Series 8W Wireless Speaker with 10 Hours Ba...,449,3.7
188,Treadmill Multipurpose Mini Home Theatre Super Bass |3D...,445,4.1
189,Treadmill WS-02 New features Popular Arrival Wireless S...,497,3.7
190,Juxtex smart bulb With Bluetooth Remote Colour Chang 5 ...,319,3.6
191,boAt Stone Grenade 5 W Portable Bluetooth Speaker,"1,199",4.2
192,Blaupunkt SBA20F 16 W Bluetooth Soundbar,"1,699",4
193,I Kall IK401 BT 60 W Bluetooth Home Theatre,"1,899",3.7
194,9 CORE JUMBO BLACK HT-HI BASS SOUND LIKE DJ SOUND 9500 ...,"3,894",3.7
195,Aroma Studio 1 Pro High Sound Quality With 6 Hours Play...,499,4
196,Clerby Best Quality New Trending Mini Coin Size Stereo ...,399,0
197,Zoook Boombox plus 32 W Portable Bluetooth Party Speake...,"2,699",4.2
198,boAt Stone 190F 5 W Bluetooth Speaker,"1,299",4.4
199,EWELL Super Bass Bluetooth Wireless Portable YD 668 Spe...,640,4
200,OBDIR Portable rechargeable multimedia wireless Stereo ...,385,3.9
201,boAt Aavante Bar 4000DA With Dolby Atmos 3D 200 W Bluet...,"16,999",4.2
202,QUANTUM QHM630 Portable Laptop/Desktop USB Powered Mult...,519,3.9
203,JBL Flip Essential IPX7 Waterproof 16 W Bluetooth Speak...,"4,999",4.4
204,Clavier Fusion Bluetooth 5 W Bluetooth Speaker,819,4.4
205,"ULTADOR Bluetooth Speaker WS 887 with FM Radio, Memory ...",270,3.9
206,Intex 2622 55 W Portable Bluetooth Home Theatre,"2,599",3.8
207,JBL JBLCHARGE5BLK 40 W Bluetooth Speaker,"15,999",4.5
208,saregama Carvaan Hindi Bluetooth speaker 6 W Bluetooth ...,"6,390",4.5
209,ZEBRONICS Zeb -Bt 6860RUCF Bluetooth Home Theatre,"4,199",3.8
210,Oxhox FLIP 3D Blast Sound + 10 W IPX7 Waterproof Blueto...,399,3.7
211,boAt Aavante Bar 3100D 260 W Bluetooth Soundbar,"13,999",4.2
212,Intex 2.1 Bang Plus FMUB OS 54 W Bluetooth Home Theatre,"2,999",4.1
213,Soundcore by Anker Motion Plus 30 W Bluetooth Party Spe...,"7,999",4.7
214,Target TARGET TT-D237 FM-UM-BT 81 W Bluetooth Home Thea...,"2,299",4.7
215,Oxhox Flip Essential BASS Stereo With FM 10 W Bluetooth...,649,3.8
216,LOUDSY Best Buy Popularity High-Fidelity Transmission P...,"3,700",0
217,"Borneo A005 High Power Sound Blast, Mini, Thunder Sound...",386,4.3
218,F FERONS TOP SELLING LZ-3102 Trolley Wireless Led Disco...,374,3.8
219,boAt AAVANTE BAR 1150 60 W Bluetooth Soundbar,"4,299",4.2
220,Terabyte E02B 2 W Laptop/Desktop Speaker,319,4.4
221,I Kall Ik888 60 W Bluetooth Home Theatre,"2,089",3.9
222,SONY HT-S20R Dolby Digital 400 W Bluetooth Soundbar,"17,990",4.4
223,JBL JBLCHARGE5SQUAD 40 W Bluetooth Speaker,"15,999",4.5
224,ZEBRONICS ZEB PEBBLE NEW Laptop/Desktop Speaker,595,4.1
225,ATSolutions Top Wireless B22 12-Watts LED RGB Bluetooth...,349,4.4
226,ZEBRONICS Zeb- Bellow 40 8 W Bluetooth Speaker,"1,045",4.2
227,Aroma Studio 1 Pro High Sound Quality With 6 Hours Play...,499,4
228,XEWISS Before first use charge atlest 20 mints for long...,444,4.5
229,F&D F210X 15 W Portable Bluetooth Laptop/Desktop Speake...,"2,499",4.2
230,ZEBRONICS Zeb-Vita Plus 16 W Bluetooth Laptop/Desktop S...,"1,399",4.1
231,boAt Aavante Bar 120 W Bluetooth Soundbar,"8,199",4.4
232,Treadmill NEW ARRIVAL Powerpact Stereo Audio deep bass ...,445,4.3
233,APPLE HomePod Mini with Siri Assistant Smart Speaker,"8,499",4.6
234,JBL Party Box 100 Portable 160 W Bluetooth Party Speake...,"26,999",4.5
235,U&i Kingdom Series 8W Wireless Speaker with 10 Hours Ba...,449,3.7
236,"boAt Stone 850 with ASAP Charge, upto 13 Hours Playback...","2,299",3.7
237,Portronics SoundDrum 1 10 W Bluetooth Speaker,"1,299",4.4
238,ZSIV Premium Bass Bluetooth Speaker Soundbar mini Home ...,474,4.1
239,boAt Stone Grenade 5 W Portable Bluetooth Speaker,"1,199",4.2
240,ZEBRONICS Zeb - Wonderbar 10 10 W Laptop/Desktop Speake...,799,4
241,Worricow Heavy Body Mterial X-BASS Wireless Bluetooth P...,"1,499",3.7
242,ZEBRONICS Zeb-Juke Bar 3850 PRO DOLBY ATMOS 170 W Bluet...,"8,999",4
243,JBL Flip Essential IPX7 Waterproof 16 W Bluetooth Speak...,"4,999",4.4
244,JBL Charge Essential 20 W Bluetooth Speaker,"8,999",4.3
245,Techobucks Sourround Sound 40 Watts Wireless Bluetooth ...,"1,499",3.9
246,APPLE HomePod Mini with Siri Assistant Smart Speaker,"8,499",4.6
247,boAt Stone Grenade 5 W Portable Bluetooth Speaker,"1,199",4.2
248,SONY SRS-XB13 Bluetooth Speaker,"3,990",4
249,realme Pocket Speaker with Bass Radiator 3 W Bluetooth ...,"1,099",4.2
250,DINGLOT Wireless Portable Speaker with Memory Card Slot...,261,3.8
251,JBL JBLCHARGE5BLK 40 W Bluetooth Speaker,"15,999",4.5
252,MOTOROLA AmphisoundX Dolby Audio 400 W Bluetooth Soundb...,"11,499",4
253,Pebble Pebble Dome Black 5 W Bluetooth Speaker,999,4.1
254,CIHLEX Wireless multimidea Subwoofer Super Bass TF-card...,399,4
255,boAt Aavante Bar 3100D 260 W Bluetooth Soundbar,"13,999",4.2
256,PHILIPS SPA8140B/94 38 W Bluetooth Home Theatre,"5,180",4.1
257,"Borneo A005 High Power Sound Blast, Mini, Thunder Sound...",386,4.3
258,Intex MM Speaker COSMIC 5.1 FMUB 90 W Bluetooth Home Th...,"4,899",4
259,Oxhox Flip Essential BASS Stereo With FM 10 W Bluetooth...,649,3.8
260,Mivi Play 5 W Portable Bluetooth Speaker,799,4.2
261,ZSIV Dj Bass Bar Studio Bluetooth Soundbar Moviebar Par...,"1,044",3.9
262,boAt Stone 500 with RGB lights 10 W Bluetooth Speaker,"1,799",3.6
263,boAt AAVANTE BAR 1150 60 W Bluetooth Soundbar,"4,299",4.2
264,PHILIPS MMS2550B/94 Dhoom 28 W Bluetooth Home Theatre,"4,130",4.2
265,MOTOROLA AmphisoundX with HDMI Arc 100 W Bluetooth Soun...,"3,499",4.2
266,Oxhox MGA BASS Stereo SoundDrum With FM 10 W Bluetooth ...,399,3.8
267,Zeom ®A006 10W (MZ Series) Wireless Bluetooth Portable ...,697,0
268,Treadmill BEST BUY WS-02 Multimedia subwoofer home thea...,498,3.8
269,DAGTUL WS-04 Wireless Led Disco LightEasy to Carry WS-0...,664,4
270,ZEBRONICS Space Car 20 W Bluetooth Party Speaker,"2,299",4.1
271,boAt Aavante Bar 120 W Bluetooth Soundbar,"8,199",4.4
272,IKALL IK-401 60W Bluetooth Home Theatre System with FM/...,"1,899",3.7
273,Juxtex Bluetooth Speaker Bulb Speaker LED Wireless Ligh...,298,4
274,Blaupunkt SBA03 100 W Bluetooth Soundbar,"5,499",4
275,U&i Kingdom Series 8W Wireless Speaker with 10 Hours Ba...,449,3.7
276,ZEBRONICS Axon Bluetooth Speaker,"1,299",4
277,MOTOROLA AmphisoundX Dolby with HDMI Arc 120 W Bluetoot...,"7,499",4.3
278,Megaloyalty WS 01 HEAVY SOUND BOOM BLAST High Bass spea...,509,4
279,Aroma Studio 1 Pro High Sound Quality With 6 Hours Play...,499,4
280,Intex IT-2616 BT 55 W Bluetooth Home Theatre,"1,989",3.8
281,F FERONS New Offer Dual Horn Dj Sound Power boost high ...,365,3.7
282,ZEBRONICS Zeb-Vita Plus 16 W Bluetooth Laptop/Desktop S...,"1,399",4.1
283,JBL Flip Essential IPX7 Waterproof 16 W Bluetooth Speak...,"4,999",4.4
284,ZEBRONICS Zeb-Juke Bar 9200 Digital Wireless Subwoofer ...,"11,499",4.2
285,F FERONS Wireless WS-887 Mini Bluetooth Speaker | Super...,261,3.9
286,SONY GTK-PG10 With Built-In Battery Bluetooth Party Spe...,"11,990",4.2
287,JBL JBLCHARGE5BLK 40 W Bluetooth Speaker,"15,999",4.5
288,ZEBRONICS Zeb-County Bluetooth Speaker with Built-in FM...,653,4.1
289,ZEBRONICS Sound Feast 50 14 W Bluetooth Speaker,"1,745",4
290,CIHLEX WS-02 Mini Home Theatre HiFi Full Range Woofer L...,462,3.5
291,boAt Aavante Bar 3100D 260 W Bluetooth Soundbar,"13,999",4.2
292,KRISONS Cylender 30 W Bluetooth Tower Speaker,"1,519",3.8
293,JBL Pulse 4 20 W Bluetooth Speaker,"19,099",4.6
294,Classic CESR-COP-6605M TOWER 1st 600 W Bluetooth Tower ...,"3,269",3.9
295,boAt AAVANTE BAR 1150 60 W Bluetooth Soundbar,"4,299",4.2
296,Megaloyalty NEW ws-04 Portable Bluetooth Speaker 5.0 Wi...,659,4
297,Zoook ZK-Twin Blaster 20 W Bluetooth Party Speaker,"1,999",4
298,Blue Birds High Qulity YD-668 /FJ 668 Wireless Bluetoot...,549,3.2
299,Oxhox Flip Essential BASS Stereo With FM 10 W Bluetooth...,649,3.8
300,Cubonic mini coin size wireless speaker (1 year warrant...,441,0
301,F FERONS 100% GOOD QUALITY Mini Portable Wireless Speak...,349,4
302,"KRISONS Rocky 8-inch Woofer, Free Wired Mic, 4 hours Pl...","1,599",0
303,Zeom ®A006 10W (MZ Series) Wireless Bluetooth Portable ...,697,0
304,Musify BEST BUY WS-04 Loud Stereo Sound & Rich Bass Por...,718,3.9
305,Treadmill TOP BARND TG-113 Mini Home Theatre Ultra DJ S...,439,4
306,DINGLOT MINI WS – 887 Bluetooth Speaker 5 W Bluetooth S...,261,3.8
307,boAt Stone Grenade 5 W Portable Bluetooth Speaker,"1,199",4.2
308,ZEBRONICS Zeb-Music bomb X mini with Google & Siri Assi...,"1,499",4.3
309,ZSIV DJ Wireless Rechargeable Brand New Top Selling Por...,399,3.6
310,"QUANTUM Sonotrix 31 3 W Bluetooth Speaker, Water proof ...",449,0
311,U&i Kingdom Series 8W Wireless Speaker with 10 Hours Ba...,449,3.7
312,Gizmore GIZ SQUAD 4150 30 W Bluetooth Home Theatre,"2,699",3.9
313,Megatrade WS-04 Amplified Sound Box Mini home theatre w...,719,4.4
314,ZEBRONICS ZEB - PEBBLE NEW Laptop/Desktop Speaker,579,4.1
315,Aroma Studio 1 Pro High Sound Quality With 6 Hours Play...,499,4
316,"ZEBRONICS WARRIOR II 2.0 CHANNEL USB SPEAKER, LED LIGHT...",599,4.1
317,F FERONS New stylish LZ-3102 3D ULTRA SOUND Portable Le...,358,4.3
318,PHILIPS SPA5162/94 60 W Bluetooth Home Theatre,"7,199",4.1
319,INFINITY by Harman Fuze 99 4.5 W Bluetooth Speaker,"1,199",4
320,SONY SRS-XB43 Bluetooth Speaker,"16,990",4.5
321,boAt Aavante Bar 3100D 260 W Bluetooth Soundbar,"13,999",4.2
322,ZSIV Dj Mini Speaker 3D Bass New Arrival Wireless Bluet...,"1,062",3.8
323,JBL Flip Essential IPX7 Waterproof 16 W Bluetooth Speak...,"4,999",4.4
324,Panasonic SC-HT460GW-K 100 W Bluetooth Home Theatre,"7,999",4.2
325,LEERFIE Trolley Wireless Portable Bluetooth Speaker Led...,664,4.7
326,MOTOROLA AmphisoundX with HDMI Arc 150 W Bluetooth Home...,"11,499",4.1
327,Oxhox Flip Essential BASS Stereo With FM 10 W Bluetooth...,649,3.8
328,F FERONS WS-887 Mini Bluetooth Speaker | Superb Sound Q...,261,3.8
329,Drezel Multifunctions Multimedia Bluetooth Mini Tower S...,"1,295",3.7
330,ZEBRONICS ZEB-WARRIOR II 10 W Laptop/Desktop Speaker,760,4.4
331,JBL JBLCHARGE5BLK 40 W Bluetooth Speaker,"15,999",4.5
332,"ULTADOR 887 Mini Bluetooth Speaker with FM Radio, Memor...",273,4.1
333,Portronics Dash 40 W Bluetooth Home Audio Speaker,"5,799",4.2
334,Clavier Supersonic 10 W Bluetooth Speaker,"1,175",4.2
335,boAt AAVANTE BAR 1150 60 W Bluetooth Soundbar,"4,299",4.2
336,SONY MHC-V13 Bluetooth Tower Speaker,"19,990",4.4
337,Zoook Rocker Thunder Plus 40 W Bluetooth Party Speaker,"4,499",3.8
338,WOOS Ws-03 Speaker With Mic Super Bass Bluetooth Wirele...,719,0
339,Zeom ®A006 10W (MZ Series) Wireless Bluetooth Portable ...,697,0
340,INFINITY by Harman Fuze Pint 2.5 W Bluetooth Speaker,799,4.2
341,etmax NANO SHARK Black ET-1616 With Mic Support 35 W Bl...,999,3.7
342,TEQIR WS-887 Bluetooth Home Theatre Speaker Calling/FM/...,284,0
343,Aroma Studio 1 Pro High Sound Quality With 6 Hours Play...,499,4
344,CIHLEX E-91 Home theater Long Life Battery Backup Dj Sp...,949,3.9
345,Treadmill MINI Home Theatre TG-143 DJ Sound box Best Pa...,749,4.4
346,SONY SRS-XB23 Bluetooth Speaker,"8,990",4.1
347,boAt Aavante Bar 120 W Bluetooth Soundbar,"8,199",4.4
348,DAB 5 inch Yellow Speaker Woofer 72x15 for Column / Tow...,280,3.8
349,Treadmill WS-02 New features Popular Arrival Wireless S...,497,3.7
350,MOTOROLA AmphisoundX with HDMI Arc 120 W Bluetooth Soun...,"8,499",4.2
351,U&i Kingdom Series 8W Wireless Speaker with 10 Hours Ba...,449,3.7
352,TECNIA Atom 504 Bluetooth 5.1 Channel Home Theatre Blue...,"2,490",3.8
353,KRISONS Jazz Bluetooth Home Theatre,"2,080",3.8
354,jprc Ultra Mini Boost Wireless Portable Bluetooth Speak...,375,3.1
355,boAt Stone Grenade 5 W Portable Bluetooth Speaker,"1,199",4.2
356,F FERONS 100% Best quality Ultra 3d bass Portable Splas...,349,5
357,JBL GO 3 4.2 W Bluetooth Speaker,"3,699",4.3
358,U&i Kingdom Series 8W Wireless Speaker with 10 Hours Ba...,449,3.7
359,Aroma Studio 1 Pro High Sound Quality With 6 Hours Play...,499,4
360,"CIHLEX E-91 TV SOUNDBAR ,HOME SOUNDBAR E-91 Super Bass ...",949,3.8
361,mafya TG-113 Best Portable Powerful Stereo Super Bass S...,399,3.7
362,SONY HT-S40R 600 W Bluetooth Soundbar,"26,990",4.2
363,JBL Flip Essential IPX7 Waterproof 16 W Bluetooth Speak...,"4,999",4.4
364,Intex Beast 801 10 W Bluetooth Speaker,"1,599",4.1
365,KRISONS Polo 7.1 |App Enabled Smart Home Theater 7.1|Bl...,"2,460",3.6
366,WOOS TOP SELLING Super Bass Portable Wireless Sound Box...,499,3.8
367,boAt Stone Grenade 5 W Portable Bluetooth Speaker,"1,199",4.2
368,Panasonic SC-HT250GW-K 56 W Bluetooth Home Theatre,"5,499",4.2
369,Portronics POR-549 ROAR 24 W Bluetooth Party Speaker,"2,799",4.5
370,"ULTADOR TV SOUNDBAR ,HOME SOUNDBAR E-91 Super Bass Blue...",893,4.5
371,JBL JBLCHARGE5BLK 40 W Bluetooth Speaker,"15,999",4.5
372,Logitech Z120BW 2 W Laptop/Desktop Speaker,"1,249",4.3
373,Intex 2.1 Choral TUFB OS 40 W Bluetooth Home Theatre,"2,499",3.7
374,JBL Xtreme 3 with In-Built Powerbank Portable 50 W Blue...,"25,000",0
375,boAt Aavante Bar 3100D 260 W Bluetooth Soundbar,"13,999",4.2
376,ZSIV A005 PORTABLE BLUETOOTH WIRELESS DJ MINI BOOM WOOF...,436,3.9
377,boAt Aavante Bar 1750 with Wireless Subwoofer & Master ...,"8,999",3.9
378,AMERA BLUETOOTHMUSIC-BULB RGB BULB 18 W Bluetooth Home ...,309,3.9
379,Oxhox Flip Essential BASS Stereo With FM 10 W Bluetooth...,649,3.8
380,BUFONA Top brand wireless speaker surround home Portabl...,478,3.7
381,Intex Beast 1000 10 W Bluetooth Soundbar,"1,699",4.2
382,MOTOROLA AmphisoundX Dolby Wireless with HDMI Arc 160 W...,"10,999",4.2
383,boAt AAVANTE BAR 1150 60 W Bluetooth Soundbar,"4,299",4.2
384,I Kall IK-2222 Bluetooth Tower Speaker,"2,374",3.7
385,XEWISS branded original top selling 10w e91 01 tv sound...,"1,032",4.3
386,JBL Clip4 5 W Bluetooth Speaker,"4,799",4.4
387,JBL JBLCHARGE5SQUAD 40 W Bluetooth Speaker,"15,999",4.5
388,Gizmore GIZ SQUAD 4150 30 W Bluetooth Home Theatre,"2,699",3.9
389,MOTOROLA AmphisoundX with HDMI Arc 80 W Bluetooth Home ...,"7,999",4
390,world voice BT Speaker Led Light Subwoofer DJ Speaker S...,975,3
391,boAt Aavante Bar 120 W Bluetooth Soundbar,"8,199",4.4
392,Terabyte TB-TB-008T 4 W Portable Laptop/Desktop Speaker,445,4
393,Soundcore by Anker Flare 2 20 W Bluetooth Party Speaker,"5,499",4.6
394,kluzie TOP SELLING WS-03 Super Bass Portable Wireless s...,699,3.7
395,U&i Kingdom Series 8W Wireless Speaker with 10 Hours Ba...,449,3.7
396,LG OK75 XBOOM 1000 W Bluetooth Party Speaker,"35,999",4.3
397,PSYTECH Mini boost 2 15 W Bluetooth Speaker,598,3.5
398,XEWISS PLEASE DO FIRST CHARGE 20 MINUTS BEFOURE USE WS-...,524,4.3
399,Aroma Studio 1 Pro High Sound Quality With 6 Hours Play...,499,4
400,ULTADOR Speaker Wireless BT Portable Speakers Powerful ...,426,4.5
401,FRONY MINI BOOST SPEAER BLACK 10 W Bluetooth Laptop/Des...,454,0
402,Worricow Cool BaSSWireless Bluetooth Portable Party Spe...,"1,499",4
403,JBL Flip Essential IPX7 Waterproof 16 W Bluetooth Speak...,"4,999",4.4
404,Zoook ZB-ROCKER THUNDER 20 W Bluetooth Party Speaker,"1,999",4
405,"KRISONS Thunder, Tower Speaker System | Bluetooth Suppo...","2,270",3.9
406,saregama Carvaan Mini SCM02 3 W Bluetooth Speaker,"2,099",4.3
407,boAt Stone Grenade 5 W Portable Bluetooth Speaker,"1,199",4.2
408,scherzando MJN-548HT Wireless Bluetooth Multimedia Spea...,"1,799",3.8
409,ZEBRONICS Supernova New Laptop/Desktop Speaker,649,4.2
410,DAGTUL Outdoor Party Sound Wireless Bluetooth Speaker w...,550,0
411,Oxhox Flip Essential BASS Stereo With FM 10 W Bluetooth...,649,3.8
412,F FERONS New Arrival Super Ultra Bass 3D Sound Wireless...,365,4
413,F FERONS Best Buy Bluetooth Speaker Mini Bluetooth Soun...,261,3.7
414,Zoook ZK-Gladiator 55 W Bluetooth Party Speaker,"3,699",4.1
415,boAt Aavante Bar 3100D 260 W Bluetooth Soundbar,"13,999",4.2
416,F FERONS Best quality New Arriving Portable Splash proo...,328,4.2
417,CIHLEX A007 Dj Mini Speaker 3D Bass New Arrival Wireles...,674,4.7
418,Musify Ws887 Mini Sound Box Wireless portable TF-card s...,299,3.7
419,boAt AAVANTE BAR 1150 60 W Bluetooth Soundbar,"4,299",4.2
420,INFINITY by Harman Fuze 200 15 W Bluetooth Speaker,"2,999",3.7
421,JBL JBLCHARGE5BLK 40 W Bluetooth Speaker,"15,999",4.5
422,Worricow Brand New X-BASS Wireless Bluetooth Portable P...,"1,549",3.9
423,Zeom ®A006 10W (MZ Series) Wireless Bluetooth Portable ...,697,0
424,Qexle Bluetooth Speaker:- Multi functional wireless mus...,806,3.8
425,I Kall IK201 BT 40 W Bluetooth Laptop/Desktop Speaker,"1,329",3.6
426,electrobuzz DJ TOWER 500W SPEAKER 25000 PMPO 500 W Blue...,"3,269",3.7
427,boAt Aavante Bar 120 W Bluetooth Soundbar,"8,199",4.4
428,I Kall IK441 Home Theatre 60 W Bluetooth Home Theatre,"3,499",0
429,ATARC Royal kt-125 Portable Mini Blutooth Speaker Ultra...,466,4
430,I Kall Ik-4444 BT 7.1 Speaker Bluetooth Home Theatre,"2,374",3.6
431,U&i Kingdom Series 8W Wireless Speaker with 10 Hours Ba...,449,3.7
432,Noise Zest 3 W Bluetooth Speaker,999,4.2
433,Blue Birds High Qulity YD-668 /FJ 668 Wireless Bluetoot...,549,3.5
434,KRISONS Cloud Buster Speaker | Bluetooth Supporting Tow...,"2,840",4.1
435,Aroma Studio 1 Pro High Sound Quality With 6 Hours Play...,499,4
436,POZUB Trendy PUZB-TG113 SPEAKER WITH CARING BAG CASE CO...,438,4.2
437,IMPEX Multimedia 5.1 (BRAVO) Bluetooth Home Theatre,"7,029",4
438,realme RMV2002 100 W Bluetooth Soundbar,"6,999",4.2
439,EWELL Super Bass Bluetooth Wireless Portable YD 668 Spe...,640,4
440,JBL Clip4 5 W Bluetooth Speaker,"4,499",4.4
441,CIHLEX A-006 Bluetooth Speakers Dj Soung Party Speaker ...,616,5
442,Google Home with Google Assistant Smart Speaker,"7,500",4.4
443,JBL Flip Essential IPX7 Waterproof 16 W Bluetooth Speak...,"4,999",4.4
444,Portronics SoundDrum 1 10 W Bluetooth Speaker,"1,299",4.4
445,Megaloyalty New Arriving Power boost high sound blast w...,460,4.2
446,TECNIA Atom 704 Bluetooth Home Theatre,"2,890",3.8
447,JBL JBLCHARGE5BLK 40 W Bluetooth Speaker,"15,999",4.5
448,Bose SoundLink Color Bluetooth Speaker II Portable Blue...,"11,500",4.5
449,IMPEX Mesto 5.1 100 W Bluetooth Home Theatre,"5,699",3.9
450,Zoook Rocker Thunder XL 50 W Bluetooth Party Speaker,"6,399",4
451,boAt Aavante Bar 3100D 260 W Bluetooth Soundbar,"13,999",4.2
452,Target TARGET TT-D5142 FM-USB-BT 5.1 Channel Multimedia...,"4,999",4.2
453,Google Nest Mini (2nd Gen) with Google Assistant Smart ...,"3,999",4.3
454,ZSIV A-006 Dj Speaker 3D Bass New Arrival Wireless Blue...,699,3.9
455,Oxhox Flip Essential BASS Stereo With FM 10 W Bluetooth...,649,3.8
456,SHOPLINE SP-T-113-SPKR4 9 W Bluetooth Speaker,379,3.8
457,artis Artis S9 2.0 USB Multimedia Speakers Portable Lap...,659,4.2
458,JBL Professional 104 Compact Desktop Reference 60 W Blu...,"13,799",4.5
459,boAt AAVANTE BAR 1150 60 W Bluetooth Soundbar,"4,299",4.2
460,dealquick Portable Bluetooth PA Loudspeaker - 8” Subwoo...,"1,850",3.3
461,ULTADOR Dj Sound Power Boost High Sound Blast With Ultr...,473,4.9
462,CIHLEX Dj Sound Power Boost High Sound Blast With Ultra...,378,3.4
463,Zeom ®A006 10W (MZ Series) Wireless Bluetooth Portable ...,697,0
464,INFINITY by Harman CLUBZ 250 15 W Bluetooth Speaker,"2,499",4.1
465,Oxhox FLIP 3D Blast Sound + 10 W IPX7 Waterproof Blueto...,399,3.7
466,Qexle speaker disco ball light big trolley bt lighting ...,630,4
467,Aroma Studio 1 Pro High Sound Quality With 6 Hours Play...,499,4
468,CIHLEX A006 Powerful Thunder 3D Sound With Extra BASS P...,616,0
469,ZSIV Dj Bass Bar Studio Bluetooth Soundbar Moviebar Par...,"1,078",4.2
470,CIHLEX E-91 Bluetooth speakers TV SOUNDBAR Original Qua...,938,0
471,boAt Aavante Bar 120 W Bluetooth Soundbar,"8,199",4.4
472,F FERONS New arrival tg113 Like Dj Sound Power boost hi...,365,4
473,ZEBRONICS ZEB- BT2220 10 W Bluetooth Laptop/Desktop Spe...,"1,699",3.9
474,ZEBRONICS Zeb-County Built-in FM Radio Aux Input 3 W Bl...,625,4.1
475,U&i Kingdom Series 8W Wireless Speaker with 10 Hours Ba...,449,3.7
476,HASTAGG Music MINI WS – 887 Bluetooth Speaker 5 W 5 W B...,299,0
477,PHILIPS MMS2220B/94 120 W Bluetooth Home Theatre,"13,240",4.2
478,WOOS WS-1100 40 W Bluetooth Speaker,"2,999",0
479,boAt Stone Grenade 5 W Portable Bluetooth Speaker,"1,199",4.2
480,ZSIV A-006 Dj Speaker 3D Bass New Arrival Wireless Blue...,699,3.9
481,boAt Stone 260 4 W Portable Bluetooth Speaker,"1,399",4.4
482,ZEBRONICS Zeb-Action 10 W Bluetooth Speaker,"1,099",4
483,JBL Flip Essential IPX7 Waterproof 16 W Bluetooth Speak...,"4,999",4.4
484,Chaebol stylish look designed with ultra boost 3d like ...,"1,149",4.5
485,Polk Audio Signa S2 Dolby Digital with HDMI ARC 120 W B...,"14,999",4.6
486,SYARA OEG_591U_LZ 4104||WS-04|| Karaoke Speaker With Mi...,699,3.6
487,boAt Stone Grenade 5 W Portable Bluetooth Speaker,"1,199",4.2
488,Aroma Studio 36 High Sound Quality with 10 Hours Playin...,569,3.9
489,Qexle speaker disco ball light big trolley bt lighting ...,630,4
490,TECNIA Atom 507 Bluetooth 5.1 Home Theater Mulimedia Sp...,"2,450",3.8
491,Oxhox Flip Essential BASS Stereo With FM 10 W Bluetooth...,649,3.8
492,Portronics Dash 11 TWS Multi Colour LED Light 40 W Blue...,"3,499",0
493,KDM KM-77 ROCKY WITH 6HRS MUSIC TIME SUPER SOUNDS 10 W ...,"1,069",3.8
494,saregama Carvaan 2.0 Wine Gold (Champagne Gold) - Sound...,"12,990",4.3
495,JBL JBLCHARGE5BLK 40 W Bluetooth Speaker,"15,999",4.5
496,etmax NANO BLACK 30 W Bluetooth Home Theatre,975,0
497,CIHLEX Mini Dj Speaker 3D Bass New Arrival Wireless Blu...,379,0
498,Zoook Rocker Herculean Pro 200 Watt Bluetooth Party Spe...,"15,999",4
499,boAt Aavante Bar 3100D 260 W Bluetooth Soundbar,"13,999",4.2
500,Dotsun Dotsun Pearl 2400 W Bluetooth Tower Speaker,"2,739",3.8
501,Megaloyalty WS 01 HEAVY SOUND BOOM BLAST High Bass spea...,448,3.9
502,Zoook Show Stopper 100 W Bluetooth Party Speaker,"10,599",4
503,boAt AAVANTE BAR 1150 60 W Bluetooth Soundbar,"4,299",4.2
504,INFINITY by Harman Fuze 99 4.5 W Bluetooth Speaker,"1,199",4
505,"Alafi WS-887 Wireless Speaker with Memory Card Slot, US...",284,3.9
506,Treadmill WS-887 Mini Super Bass Splash Proof Wireless ...,329,3.6
507,JBL JBLCHARGE5SQUAD 40 W Bluetooth Speaker,"15,999",4.5
508,SONY SRS-XB13 Bluetooth Speaker,"3,849",4
509,Techobucks Floor standing Karaoke Bluetooth Party Speak...,"1,499",3.8
510,Clerby Small body Big sound smart speaker Coin-Sized Al...,399,3.5
511,boAt Aavante Bar 120 W Bluetooth Soundbar,"8,199",4.4
512,QUANTUM QHM630 USB MINI SPEAKER Laptop/Desktop Speaker,645,3.8
513,TECNIA Super King 512 50 W Bluetooth Home Theatre,"2,490",3.4
514,"boAt Stone 1350 with Upto 5 Hours Playback Time, Passiv...","3,999",3.7
515,U&i Kingdom Series 8W Wireless Speaker with 10 Hours Ba...,449,3.7
516,Ubon SP-15A Wireless Portable Speaker | Built-in FM Mod...,672,4.1
517,Terabyte TERABYTE ELIPTIC TB 015 1 W Laptop/Desktop Spe...,395,4
518,ZSIV Dj Bass Bar Studio Bluetooth Soundbar Moviebar Par...,"1,024",4
519,Aroma Studio 1 Pro High Sound Quality With 6 Hours Play...,499,4
520,MOTOROLA AmphisoundX Dolby with HDMI Arc 160 W Bluetoot...,"8,699",4.2
521,F FERONS BEST BUY LZ-3102 Trolley Wireless Led Disco Li...,364,3.7
522,Jeteck A&O 105-flashlight Speakers/Bluetooth Speaker an...,448,4.2
523,JBL Flip Essential IPX7 Waterproof 16 W Bluetooth Speak...,"4,999",4.4
524,"O.SOUND MEGA BAHUBALI , 4.1 Tower Speaker (Bluetooth, U...","3,960",3.6
525,INFINITY by Harman Fuze Pint 2.5 W Bluetooth Speaker,799,4.2
526,Drezel Tower Speaker Umang Series 01 80 W Model 28000 P...,"3,175",4.7
527,boAt Stone Grenade 5 W Portable Bluetooth Speaker,"1,199",4.2
528,"KRISONS Genius-50 Multimedia Speaker | App Controlled, ...","2,080",3.5
529,CIHYARD CD-887 Super Bass Stereo Digital Dynamic Sound ...,284,3.5
530,CREATIVE CT-Pebble V3-BK 16 W Bluetooth Laptop/Desktop ...,"3,699",4.5
531,JBL JBLCHARGE5BLK 40 W Bluetooth Speaker,"15,999",4.5
532,T-Series T-Series M4013BT 4.1 Bluetooth Multimedia Spea...,"3,030",5
533,SAMSUNG HW-T400/XL 40 W Bluetooth Soundbar,"5,999",4.3
534,Oxhox FLIP 3D Blast Sound + 10 W IPX7 Waterproof Blueto...,399,3.7
535,boAt Aavante Bar 3100D 260 W Bluetooth Soundbar,"13,999",4.2
536,Megaloyalty WS-04 HD sound| Splashproof| Water resistan...,659,4
537,flix (Beetel) Tripper 31 W Bluetooth Speaker,"2,790",4.3
538,ZEBRONICS Juke bar 3800 Pro Dolby 60 W Bluetooth Soundb...,"6,199",4.2
539,Oxhox Flip Essential BASS Stereo With FM 10 W Bluetooth...,649,3.8
540,Ahuja SCM-15T 10 W Tower Speaker,"2,249",4
541,Blue Birds High Qulity YD-668 /FJ 668 Wireless Bluetoot...,549,3.4
542,"Blackzone X1 Boom, 25W Portable Bluetooth Speaker with ...","1,650",4.2
543,boAt AAVANTE BAR 1150 60 W Bluetooth Soundbar,"4,299",4.2
544,PHILIPS MMS2050/94 50 W Bluetooth Laptop/Desktop Speake...,"5,290",3.3
545,I Kall IK-2222 Bluetooth Tower Speaker,"2,374",3.7
546,U&i Kingdom Series 8W Wireless Speaker with 10 Hours Ba...,449,3.7
547,Zeom ®A006 10W (MZ Series) Wireless Bluetooth Portable ...,697,0
548,Zoook ZK-Mini Blaster 10 W Bluetooth Party Speaker,"1,299",4
549,"CIHLEX WS 887 Mini Speaker,Highsound/ 3D Bass waterproo...",284,3.8
550,etmax NANO PLUS ET-1414 BLUETOOTH 30 W Bluetooth Home T...,949,3.6
551,boAt Aavante Bar 120 W Bluetooth Soundbar,"8,199",4.4
552,scherzando GT 42SD S440 65 W BLUETOOTH HOME THEATER 65 ...,"1,749",3.5
553,ULTADOR Wooden Blutooth Speaker Tf Card Mic Usb Audio M...,491,0
554,DINGLOT Best Wireless Portable Multimedia Mobile/Tablet...,261,3.8
555,Aroma Studio 1 Pro High Sound Quality With 6 Hours Play...,499,4
556,ZEBRONICS Zeb-County Bluetooth Speaker with Built-in FM...,658,4.1
557,"KRISONS Wega Multimedia Home Theatre Speaker, LED Displ...","2,270",3.8
558,Bencley FRIDOBLE 120 W Bluetooth Tower Speaker,"5,989",0
559,U&i Kingdom Series 8W Wireless Speaker with 10 Hours Ba...,449,3.9
560,ZEBRONICS Zeb-Sonic Bar 100 120 W Bluetooth Gaming Spea...,"7,999",4.3
561,ZEBRONICS Zeb- Delight 10 5 W Bluetooth Speaker,795,4.2
562,Gizmore Giz MS511 10 W Bluetooth Home Audio Speaker,999,3.7
563,JBL Flip Essential IPX7 Waterproof 16 W Bluetooth Speak...,"4,999",4.4
564,DAGTUL Multimedia Speaker YST-3502 Laptop/Desktop Speak...,"1,049",0
565,ZSIV Dj Bass Bar Studio Bluetooth Soundbar Moviebar Par...,"1,044",3.9
566,TEQIR Powerpact Stereo Audio deep bass Portable Recharg...,449,4
567,Oxhox Flip Essential BASS Stereo With FM 10 W Bluetooth...,649,3.8
568,SKY LOUD A51115 LIKE APKA APNA DJ SOUND SYSTEM 9500 W B...,"4,199",3.9
569,Croma Party Speaker 1400 Watts Dynamic Bass Boost CREY3...,"14,990",4.2
570,kluzie 100% HIGH QUALITY |3D sound| Splashproof| Water ...,429,4.5
571,boAt Stone Grenade 5 W Portable Bluetooth Speaker,"1,199",4.2
572,MARK IA-900 180 W Bluetooth Home Theatre,"4,350",5
573,Terabyte ELIPTIC-TB-015 1 W Laptop/Desktop Speaker,395,3.9
574,xech Bluetooth Speaker with Phone Holder Tellivibe Max ...,899,4.1
575,JBL JBLCHARGE5BLK 40 W Bluetooth Speaker,"15,999",4.5
576,Megaloyalty TG113 splashproof high sound bluetooth spea...,460,4.5
577,Auxigen Compatible with All Android and iOS Devices and...,299,0
578,In-Foxe In-foxe DHOOM wooden audio soundbar music box T...,493,3.5
579,boAt Aavante Bar 3100D 260 W Bluetooth Soundbar,"13,999",4.2
580,Blaupunkt SBA60 Standalone 60 W Bluetooth Soundbar,"3,699",4
581,Blaupunkt SP225 Multimedia Speaker 50 W Bluetooth Home ...,"2,999",3.7
582,artis Mini 2.0 USB Multimedia Speakers Portable Laptop/...,449,4.1
583,boAt AAVANTE BAR 1150 60 W Bluetooth Soundbar,"4,299",4.2
584,LEERFIE Classic Speaker with Flash Light Portable Wirel...,664,5
585,Techobucks Best Karaoke Singing Bluetooth Wireless Spea...,"1,499",3.9
586,JBL Professional 104 Compact Desktop Reference 60 W Blu...,"8,999",4.5
587,Zeom ®A006 10W (MZ Series) Wireless Bluetooth Portable ...,697,0
588,Panasonic SC-HT150GW-K 30 W Bluetooth Home Theatre,"4,399",4.2
589,Bose SoundLink Color Bluetooth Speaker II Portable Blue...,"11,500",4.5
590,Boult Audio BassBox Arc 5 W Bluetooth Speaker,999,3.7
591,Aroma Studio 1 Pro High Sound Quality With 6 Hours Play...,499,4
592,MUSIC WINDOWS 5.1_SPEAKER/BLK/2 60 W Bluetooth Home The...,"1,999",3.6
593,Elevn Aura 2.1 80 W Bluetooth Home Theatre,"2,799",3.8
594,ULTADOR outdoor wooden portable blue tooth speaker with...,426,3.8
595,U&i Kingdom Series 8W Wireless Speaker with 10 Hours Ba...,449,3.7
596,ZEBRONICS Zeb-Vita Plus 16 W Bluetooth Laptop/Desktop S...,"1,499",4.1
597,CREATIVE SBS E2500 60 W Bluetooth Laptop/Desktop Speake...,"3,999",3.6
598,ZSIV Like Dj Sound Power Boost High Sound Blast With Ul...,425,4.4
599,boAt Aavante Bar 120 W Bluetooth Soundbar,"8,199",4.4
